{
  "lang":"en",
  "name":"pipeline",
  "version":"0.0.0",
  "spacy_version":">=3.1.1,<3.2.0",
  "description":"",
  "author":"",
  "email":"",
  "url":"",
  "license":"",
  "spacy_git_version":"ffaead8fe",
  "vectors":{
    "width":300,
    "vectors":20000,
    "keys":684830,
    "name":"en_vectors"
  },
  "labels":{
    "tok2vec":[

    ],
    "ner":[
      "ACTOR",
      "CHARACTER",
      "DIRECTOR",
      "GENRE",
      "PLOT",
      "RATING",
      "RATINGS_AVERAGE",
      "REVIEW",
      "SONG",
      "TITLE",
      "TRAILER",
      "YEAR"
    ]
  },
  "pipeline":[
    "tok2vec",
    "ner"
  ],
  "components":[
    "tok2vec",
    "ner"
  ],
  "disabled":[

  ],
  "performance":{
    "ents_f":0.7290686736,
    "ents_p":0.7345971564,
    "ents_r":0.7236227824,
    "ents_per_type":{
      "PLOT":{
        "p":0.3269230769,
        "r":0.3578947368,
        "f":0.3417085427
      },
      "TITLE":{
        "p":0.3669724771,
        "r":0.3571428571,
        "f":0.3619909502
      },
      "YEAR":{
        "p":0.8926174497,
        "r":0.875,
        "f":0.8837209302
      },
      "RATING":{
        "p":0.9157894737,
        "r":0.9666666667,
        "f":0.9405405405
      },
      "GENRE":{
        "p":0.869955157,
        "r":0.8778280543,
        "f":0.8738738739
      },
      "RATINGS_AVERAGE":{
        "p":0.7356321839,
        "r":0.6736842105,
        "f":0.7032967033
      },
      "DIRECTOR":{
        "p":0.9054054054,
        "r":0.6907216495,
        "f":0.783625731
      },
      "ACTOR":{
        "p":0.7916666667,
        "r":0.9156626506,
        "f":0.8491620112
      },
      "CHARACTER":{
        "p":0.0,
        "r":0.0,
        "f":0.0
      },
      "REVIEW":{
        "p":0.0,
        "r":0.0,
        "f":0.0
      },
      "SONG":{
        "p":0.0,
        "r":0.0,
        "f":0.0
      },
      "TRAILER":{
        "p":0.5714285714,
        "r":0.5,
        "f":0.5333333333
      }
    },
    "tok2vec_loss":91033.5254624443,
    "ner_loss":4351.0121203661
  }
}