{
  "lang":"en",
  "name":"pipeline",
  "version":"0.0.0",
  "spacy_version":">=3.1.1,<3.2.0",
  "description":"",
  "author":"",
  "email":"",
  "url":"",
  "license":"",
  "spacy_git_version":"ffaead8fe",
  "vectors":{
    "width":300,
    "vectors":20000,
    "keys":684830,
    "name":"en_vectors"
  },
  "labels":{
    "tok2vec":[

    ],
    "ner":[
      "ACTOR",
      "CHARACTER",
      "DIRECTOR",
      "GENRE",
      "PLOT",
      "RATING",
      "RATINGS_AVERAGE",
      "REVIEW",
      "SONG",
      "TITLE",
      "TRAILER",
      "YEAR"
    ]
  },
  "pipeline":[
    "tok2vec",
    "ner"
  ],
  "components":[
    "tok2vec",
    "ner"
  ],
  "disabled":[

  ],
  "performance":{
    "ents_f":0.7241217799,
    "ents_p":0.7265037594,
    "ents_r":0.7217553688,
    "ents_per_type":{
      "TITLE":{
        "p":0.3853211009,
        "r":0.375,
        "f":0.3800904977
      },
      "YEAR":{
        "p":0.891025641,
        "r":0.9144736842,
        "f":0.9025974026
      },
      "PLOT":{
        "p":0.3666666667,
        "r":0.3473684211,
        "f":0.3567567568
      },
      "RATING":{
        "p":0.9130434783,
        "r":0.9333333333,
        "f":0.9230769231
      },
      "RATINGS_AVERAGE":{
        "p":0.6635514019,
        "r":0.7473684211,
        "f":0.702970297
      },
      "DIRECTOR":{
        "p":0.9324324324,
        "r":0.7113402062,
        "f":0.8070175439
      },
      "GENRE":{
        "p":0.8666666667,
        "r":0.8823529412,
        "f":0.8744394619
      },
      "ACTOR":{
        "p":0.7611111111,
        "r":0.8253012048,
        "f":0.7919075145
      },
      "CHARACTER":{
        "p":0.1,
        "r":0.0714285714,
        "f":0.0833333333
      },
      "REVIEW":{
        "p":0.0,
        "r":0.0,
        "f":0.0
      },
      "SONG":{
        "p":0.0,
        "r":0.0,
        "f":0.0
      },
      "TRAILER":{
        "p":0.4,
        "r":0.25,
        "f":0.3076923077
      }
    },
    "tok2vec_loss":112870.9772302897,
    "ner_loss":3778.670332944
  }
}